Title,Description,Link,Media URL,Pinterest board,Publish date
Grade 1 Addition Practice Worksheet (26 Problems) | Printable Practice,Help kids master Addition with this printable worksheet for Grade 1. Great for daily math practice.,https://mathworksheetkidsgalaxy.github.io/html/grade-1-addition-practice-worksheet-26-problems-3743.html,https://mathworksheetkidsgalaxy.github.io/images/grade-1-addition-practice-worksheet-26-problems-3743.jpg,Kids Math Worksheets,03/17/2026 08:37:00 AM
"Count and Color Triangle, Ball, Car Worksheet for Kids",Free printable Count and Color worksheet for Kindergarten. Perfect for homeschool practice and classroom activities.,https://mathworksheetkidsgalaxy.github.io/html/count-and-color-triangle-ball-car-worksheet-for-kids-4471.html,https://mathworksheetkidsgalaxy.github.io/images/count-and-color-triangle-ball-car-worksheet-for-kids-4471.jpg,Printable Worksheets,03/17/2026 11:00:00 AM
Learn Counting With Pictures Worksheet (Kindergarten) - Part 3 | Printable Practice,Printable Counting Objects worksheet designed for Kindergarten students. Easy and fun math practice.,https://mathworksheetkidsgalaxy.github.io/html/learn-counting-with-pictures-worksheet-kindergarten-part-3-6637.html,https://mathworksheetkidsgalaxy.github.io/images/learn-counting-with-pictures-worksheet-kindergarten-part-3-6637.jpg,Homeschool Math,03/17/2026 01:38:00 PM
Printable Free 17 Division Math Worksheet For Grade 1 - Part 4 | Printable Practice,Teachers and parents love this Division worksheet for Grade 1. Download and print instantly.,https://mathworksheetkidsgalaxy.github.io/html/printable-free-17-division-math-worksheet-for-grade-1-part-4-3322.html,https://mathworksheetkidsgalaxy.github.io/images/printable-free-17-division-math-worksheet-for-grade-1-part-4-3322.jpg,Kids Math Worksheets,03/17/2026 04:33:00 PM
General Knowledge Mathematics Practice Test Worksheet,Printable Math worksheet designed for Math students. Easy and fun math practice.,https://mathworksheetkidsgalaxy.github.io/html/general-knowledge-mathematics-practice-test-worksheet-9132.html,https://mathworksheetkidsgalaxy.github.io/images/general-knowledge-mathematics-practice-test-worksheet-9132.jpg,Homeschool Math,03/17/2026 08:33:00 PM
Missing Number Math Worksheet,Free printable Missing Number worksheet for Grade 1. Perfect for homeschool practice and classroom activities.,https://mathworksheetkidsgalaxy.github.io/html/missing-number-math-worksheet-5720.html,https://mathworksheetkidsgalaxy.github.io/images/missing-number-math-worksheet-5720.jpg,Printable Worksheets,03/18/2026 08:37:00 AM
Mixed Operations Math Worksheet,Teachers and parents love this Mixed Operations worksheet for Grade 3. Download and print instantly.,https://mathworksheetkidsgalaxy.github.io/html/mixed-operations-math-worksheet-8260.html,https://mathworksheetkidsgalaxy.github.io/images/mixed-operations-math-worksheet-8260.jpg,Printable Worksheets,03/18/2026 11:00:00 AM
Grade 1 Multiplication Practice Worksheet (20 Problems) - Part 8 | Printable Practice,Printable Multiplication worksheet designed for Grade 1 students. Easy and fun math practice.,https://mathworksheetkidsgalaxy.github.io/html/grade-1-multiplication-practice-worksheet-20-problems-part-8-6450.html,https://mathworksheetkidsgalaxy.github.io/images/grade-1-multiplication-practice-worksheet-20-problems-part-8-6450.jpg,Math Practice Printables,03/18/2026 01:28:00 PM
Free 13 Subtraction Math Worksheet For Grade 2 With Answers - Part 9 | Printable Practice,Printable Subtraction worksheet designed for Grade 2 students. Easy and fun math practice.,https://mathworksheetkidsgalaxy.github.io/html/free-13-subtraction-math-worksheet-for-grade-2-with-answers-part-9-5563.html,https://mathworksheetkidsgalaxy.github.io/images/free-13-subtraction-math-worksheet-for-grade-2-with-answers-part-9-5563.jpg,Kids Math Worksheets,03/18/2026 04:27:00 PM
3 Times Table Worksheet For Grade 2 - Part 10 | Printable Practice,Free printable Times Table worksheet for Grade 2. Perfect for homeschool practice and classroom activities.,https://mathworksheetkidsgalaxy.github.io/html/3-times-table-worksheet-for-grade-2-part-10-8620.html,https://mathworksheetkidsgalaxy.github.io/images/3-times-table-worksheet-for-grade-2-part-10-8620.jpg,Printable Worksheets,03/18/2026 08:37:00 PM
Printable Tracing Worksheet For Kids - Part 11 | Free Printable,Free printable Tracing worksheet for Kindergarten. Perfect for homeschool practice and classroom activities.,https://mathworksheetkidsgalaxy.github.io/html/printable-tracing-worksheet-for-kids-part-11-1682.html,https://mathworksheetkidsgalaxy.github.io/images/printable-tracing-worksheet-for-kids-part-11-1682.jpg,Math Practice Printables,03/19/2026 08:36:00 AM
Math Word Problem Worksheet,Printable Word Problem worksheet designed for Grade 3 students. Easy and fun math practice.,https://mathworksheetkidsgalaxy.github.io/html/math-word-problem-worksheet-6135.html,https://mathworksheetkidsgalaxy.github.io/images/math-word-problem-worksheet-6135.jpg,Elementary Math Activities,03/19/2026 11:08:00 AM
Printable Free 27 Addition Math Worksheet For Grade 5 - Part 13 | Printable Practice,Free printable Addition worksheet for Grade 5. Perfect for homeschool practice and classroom activities.,https://mathworksheetkidsgalaxy.github.io/html/printable-free-27-addition-math-worksheet-for-grade-5-part-13-2466.html,https://mathworksheetkidsgalaxy.github.io/images/printable-free-27-addition-math-worksheet-for-grade-5-part-13-2466.jpg,Math Practice Printables,03/19/2026 01:32:00 PM
Grade 1 Count and Color Shapes Worksheet,Free printable Count and Color worksheet for Grade 1. Perfect for homeschool practice and classroom activities.,https://mathworksheetkidsgalaxy.github.io/html/grade-1-count-and-color-shapes-worksheet-7404.html,https://mathworksheetkidsgalaxy.github.io/images/grade-1-count-and-color-shapes-worksheet-7404.jpg,Elementary Math Activities,03/19/2026 04:37:00 PM
Pre-K Count The Objects Worksheet - Part 15 | Printable Practice,Help kids master Counting Objects with this printable worksheet for Pre-K. Great for daily math practice.,https://mathworksheetkidsgalaxy.github.io/html/pre-k-count-the-objects-worksheet-part-15-3683.html,https://mathworksheetkidsgalaxy.github.io/images/pre-k-count-the-objects-worksheet-part-15-3683.jpg,Printable Worksheets,03/19/2026 08:28:00 PM
Free 22 Division Math Worksheet For Grade 2 With Answers - Part 16 | Printable Practice,Printable Division worksheet designed for Grade 2 students. Easy and fun math practice.,https://mathworksheetkidsgalaxy.github.io/html/free-22-division-math-worksheet-for-grade-2-with-answers-part-16-3959.html,https://mathworksheetkidsgalaxy.github.io/images/free-22-division-math-worksheet-for-grade-2-with-answers-part-16-3959.jpg,Kids Math Worksheets,03/20/2026 08:32:00 AM
4 Mathematics Problem Set,Teachers and parents love this Math worksheet for Math. Download and print instantly.,https://mathworksheetkidsgalaxy.github.io/html/4-mathematics-problem-set-8570.html,https://mathworksheetkidsgalaxy.github.io/images/4-mathematics-problem-set-8570.jpg,Math Practice Printables,03/20/2026 11:06:00 AM
Missing Number Math Worksheet,Fun and engaging Missing Number worksheet for Grade 1. Perfect printable math practice.,https://mathworksheetkidsgalaxy.github.io/html/missing-number-math-worksheet-5536.html,https://mathworksheetkidsgalaxy.github.io/images/missing-number-math-worksheet-5536.jpg,Math Practice Printables,03/20/2026 01:26:00 PM
Mixed Operations Math Worksheet,Free printable Mixed Operations worksheet for Grade 3. Perfect for homeschool practice and classroom activities.,https://mathworksheetkidsgalaxy.github.io/html/mixed-operations-math-worksheet-4248.html,https://mathworksheetkidsgalaxy.github.io/images/mixed-operations-math-worksheet-4248.jpg,Kids Math Worksheets,03/20/2026 04:35:00 PM
Free 23 Multiplication Math Worksheet For Grade 1 - Part 20 | Printable Practice,Help kids master Multiplication with this printable worksheet for Grade 1. Great for daily math practice.,https://mathworksheetkidsgalaxy.github.io/html/free-23-multiplication-math-worksheet-for-grade-1-part-20-9042.html,https://mathworksheetkidsgalaxy.github.io/images/free-23-multiplication-math-worksheet-for-grade-1-part-20-9042.jpg,Printable Worksheets,03/20/2026 08:22:00 PM
Printable Free 24 Subtraction Math Worksheet For Grade 2 - Part 21 | Printable Practice,Fun and engaging Subtraction worksheet for Grade 2. Perfect printable math practice.,https://mathworksheetkidsgalaxy.github.io/html/printable-free-24-subtraction-math-worksheet-for-grade-2-part-21-8222.html,https://mathworksheetkidsgalaxy.github.io/images/printable-free-24-subtraction-math-worksheet-for-grade-2-part-21-8222.jpg,Homeschool Math,03/21/2026 08:23:00 AM
12 Times Table Worksheet For Grade 4 - Part 22 | Printable Practice,Teachers and parents love this Times Table worksheet for Grade 4. Download and print instantly.,https://mathworksheetkidsgalaxy.github.io/html/12-times-table-worksheet-for-grade-4-part-22-5770.html,https://mathworksheetkidsgalaxy.github.io/images/12-times-table-worksheet-for-grade-4-part-22-5770.jpg,Homeschool Math,03/21/2026 11:00:00 AM
Printable Tracing Worksheet For Kids - Part 23 | Free Printable,Printable Tracing worksheet designed for Preschool students. Easy and fun math practice.,https://mathworksheetkidsgalaxy.github.io/html/printable-tracing-worksheet-for-kids-part-23-5817.html,https://mathworksheetkidsgalaxy.github.io/images/printable-tracing-worksheet-for-kids-part-23-5817.jpg,Elementary Math Activities,03/21/2026 01:28:00 PM
Math Word Problem Worksheet,Free printable Word Problem worksheet for Grade 3. Perfect for homeschool practice and classroom activities.,https://mathworksheetkidsgalaxy.github.io/html/math-word-problem-worksheet-8079.html,https://mathworksheetkidsgalaxy.github.io/images/math-word-problem-worksheet-8079.jpg,Math Practice Printables,03/21/2026 04:32:00 PM
Free 17 Addition Math Worksheet For Grade 5 - Part 25 | Printable Practice,Free printable Addition worksheet for Grade 5. Perfect for homeschool practice and classroom activities.,https://mathworksheetkidsgalaxy.github.io/html/free-17-addition-math-worksheet-for-grade-5-part-25-8086.html,https://mathworksheetkidsgalaxy.github.io/images/free-17-addition-math-worksheet-for-grade-5-part-25-8086.jpg,Printable Worksheets,03/21/2026 08:31:00 PM
Grade 1 Count and Color Shapes Worksheet,Printable Count and Color worksheet designed for Grade 1 students. Easy and fun math practice.,https://mathworksheetkidsgalaxy.github.io/html/grade-1-count-and-color-shapes-worksheet-2371.html,https://mathworksheetkidsgalaxy.github.io/images/grade-1-count-and-color-shapes-worksheet-2371.jpg,Printable Worksheets,03/22/2026 08:38:00 AM
Free Counting Objects Worksheet For Kindergarten - Part 27 | Printable Practice,Help kids master Counting Objects with this printable worksheet for Kindergarten. Great for daily math practice.,https://mathworksheetkidsgalaxy.github.io/html/free-counting-objects-worksheet-for-kindergarten-part-27-4134.html,https://mathworksheetkidsgalaxy.github.io/images/free-counting-objects-worksheet-for-kindergarten-part-27-4134.jpg,Math Practice Printables,03/22/2026 11:02:00 AM
Grade 1 Division Practice Worksheet (12 Problems) - Part 28 | Printable Practice,Help kids master Division with this printable worksheet for Grade 1. Great for daily math practice.,https://mathworksheetkidsgalaxy.github.io/html/grade-1-division-practice-worksheet-12-problems-part-28-8111.html,https://mathworksheetkidsgalaxy.github.io/images/grade-1-division-practice-worksheet-12-problems-part-28-8111.jpg,Math Practice Printables,03/22/2026 01:22:00 PM
Daily Mathematics Practice Test Worksheet for Students,Fun and engaging Math worksheet for Math. Perfect printable math practice.,https://mathworksheetkidsgalaxy.github.io/html/daily-mathematics-practice-test-worksheet-for-students-5553.html,https://mathworksheetkidsgalaxy.github.io/images/daily-mathematics-practice-test-worksheet-for-students-5553.jpg,Kids Math Worksheets,03/22/2026 04:22:00 PM
Missing Number Math Worksheet,Teachers and parents love this Missing Number worksheet for Grade 1. Download and print instantly.,https://mathworksheetkidsgalaxy.github.io/html/missing-number-math-worksheet-3279.html,https://mathworksheetkidsgalaxy.github.io/images/missing-number-math-worksheet-3279.jpg,Elementary Math Activities,03/22/2026 08:32:00 PM
Mixed Operations Math Worksheet,Free printable Mixed Operations worksheet for Grade 3. Perfect for homeschool practice and classroom activities.,https://mathworksheetkidsgalaxy.github.io/html/mixed-operations-math-worksheet-6029.html,https://mathworksheetkidsgalaxy.github.io/images/mixed-operations-math-worksheet-6029.jpg,Printable Worksheets,03/23/2026 08:29:00 AM
Free 14 Multiplication Math Worksheet For Grade 2 With Answers - Part 32 | Printable Practice,Help kids master Multiplication with this printable worksheet for Grade 2. Great for daily math practice.,https://mathworksheetkidsgalaxy.github.io/html/free-14-multiplication-math-worksheet-for-grade-2-with-answers-part-32-7437.html,https://mathworksheetkidsgalaxy.github.io/images/free-14-multiplication-math-worksheet-for-grade-2-with-answers-part-32-7437.jpg,Math Practice Printables,03/23/2026 11:00:00 AM
Free 10 Subtraction Math Worksheet For Grade 2 With Answers - Part 33 | Printable Practice,Free printable Subtraction worksheet for Grade 2. Perfect for homeschool practice and classroom activities.,https://mathworksheetkidsgalaxy.github.io/html/free-10-subtraction-math-worksheet-for-grade-2-with-answers-part-33-3255.html,https://mathworksheetkidsgalaxy.github.io/images/free-10-subtraction-math-worksheet-for-grade-2-with-answers-part-33-3255.jpg,Printable Worksheets,03/23/2026 01:31:00 PM
Grade 3 Multiplication Table 8 Practice - Part 34 | Printable Practice,Help kids master Times Table with this printable worksheet for Grade 3. Great for daily math practice.,https://mathworksheetkidsgalaxy.github.io/html/grade-3-multiplication-table-8-practice-part-34-9824.html,https://mathworksheetkidsgalaxy.github.io/images/grade-3-multiplication-table-8-practice-part-34-9824.jpg,Math Practice Printables,03/23/2026 04:30:00 PM
Printable Tracing Worksheet For Kids - Part 35 | Free Printable,Teachers and parents love this Tracing worksheet for Kindergarten. Download and print instantly.,https://mathworksheetkidsgalaxy.github.io/html/printable-tracing-worksheet-for-kids-part-35-7260.html,https://mathworksheetkidsgalaxy.github.io/images/printable-tracing-worksheet-for-kids-part-35-7260.jpg,Printable Worksheets,03/23/2026 08:29:00 PM
Math Word Problem Worksheet,Help kids master Word Problem with this printable worksheet for Grade 3. Great for daily math practice.,https://mathworksheetkidsgalaxy.github.io/html/math-word-problem-worksheet-5602.html,https://mathworksheetkidsgalaxy.github.io/images/math-word-problem-worksheet-5602.jpg,Homeschool Math,03/24/2026 08:38:00 AM
Grade 5 Addition Practice Worksheet (27 Problems) - Part 37 | Printable Practice,Printable Addition worksheet designed for Grade 5 students. Easy and fun math practice.,https://mathworksheetkidsgalaxy.github.io/html/grade-5-addition-practice-worksheet-27-problems-part-37-6705.html,https://mathworksheetkidsgalaxy.github.io/images/grade-5-addition-practice-worksheet-27-problems-part-37-6705.jpg,Homeschool Math,03/24/2026 11:00:00 AM
"Count and Color Square, Car, Square Worksheet for Kids",Help kids master Count and Color with this printable worksheet for Grade 1. Great for daily math practice.,https://mathworksheetkidsgalaxy.github.io/html/count-and-color-square-car-square-worksheet-for-kids-7546.html,https://mathworksheetkidsgalaxy.github.io/images/count-and-color-square-car-square-worksheet-for-kids-7546.jpg,Elementary Math Activities,03/24/2026 01:31:00 PM
Free Counting Objects Worksheet For Pre-K Printable - Part 39 | Printable Practice,Help kids master Counting Objects with this printable worksheet for Pre-K. Great for daily math practice.,https://mathworksheetkidsgalaxy.github.io/html/free-counting-objects-worksheet-for-pre-k-printable-part-39-5772.html,https://mathworksheetkidsgalaxy.github.io/images/free-counting-objects-worksheet-for-pre-k-printable-part-39-5772.jpg,Elementary Math Activities,03/24/2026 04:38:00 PM
Free 26 Division Math Worksheet For Grade 1 With Answers - Part 40 | Printable Practice,Help kids master Division with this printable worksheet for Grade 1. Great for daily math practice.,https://mathworksheetkidsgalaxy.github.io/html/free-26-division-math-worksheet-for-grade-1-with-answers-part-40-9946.html,https://mathworksheetkidsgalaxy.github.io/images/free-26-division-math-worksheet-for-grade-1-with-answers-part-40-9946.jpg,Printable Worksheets,03/24/2026 08:29:00 PM
Ultimate Mathematics Problem Set Worksheet for Students,Printable Math worksheet designed for Math students. Easy and fun math practice.,https://mathworksheetkidsgalaxy.github.io/html/ultimate-mathematics-problem-set-worksheet-for-students-4782.html,https://mathworksheetkidsgalaxy.github.io/images/ultimate-mathematics-problem-set-worksheet-for-students-4782.jpg,Printable Worksheets,03/25/2026 08:33:00 AM
Missing Number Math Worksheet,Help kids master Missing Number with this printable worksheet for Grade 1. Great for daily math practice.,https://mathworksheetkidsgalaxy.github.io/html/missing-number-math-worksheet-8369.html,https://mathworksheetkidsgalaxy.github.io/images/missing-number-math-worksheet-8369.jpg,Printable Worksheets,03/25/2026 11:00:00 AM
Mixed Operations Math Worksheet,Help kids master Mixed Operations with this printable worksheet for Grade 3. Great for daily math practice.,https://mathworksheetkidsgalaxy.github.io/html/mixed-operations-math-worksheet-5105.html,https://mathworksheetkidsgalaxy.github.io/images/mixed-operations-math-worksheet-5105.jpg,Elementary Math Activities,03/25/2026 01:25:00 PM
Grade 2 Multiplication Practice Worksheet (16 Problems) - Part 44 | Printable Practice,Fun and engaging Multiplication worksheet for Grade 2. Perfect printable math practice.,https://mathworksheetkidsgalaxy.github.io/html/grade-2-multiplication-practice-worksheet-16-problems-part-44-9576.html,https://mathworksheetkidsgalaxy.github.io/images/grade-2-multiplication-practice-worksheet-16-problems-part-44-9576.jpg,Elementary Math Activities,03/25/2026 04:38:00 PM
Printable Free 24 Subtraction Math Worksheet For Grade 2 - Part 45 | Printable Practice,Help kids master Subtraction with this printable worksheet for Grade 2. Great for daily math practice.,https://mathworksheetkidsgalaxy.github.io/html/printable-free-24-subtraction-math-worksheet-for-grade-2-part-45-3055.html,https://mathworksheetkidsgalaxy.github.io/images/printable-free-24-subtraction-math-worksheet-for-grade-2-part-45-3055.jpg,Math Practice Printables,03/25/2026 08:22:00 PM
10 Times Table Worksheet For Grade 3 With Answers - Part 46 | Printable Practice,Printable Times Table worksheet designed for Grade 3 students. Easy and fun math practice.,https://mathworksheetkidsgalaxy.github.io/html/10-times-table-worksheet-for-grade-3-with-answers-part-46-2879.html,https://mathworksheetkidsgalaxy.github.io/images/10-times-table-worksheet-for-grade-3-with-answers-part-46-2879.jpg,Math Practice Printables,03/26/2026 08:36:00 AM
Printable Tracing Worksheet For Kids - Part 47 | Free Printable,Teachers and parents love this Tracing worksheet for Kindergarten. Download and print instantly.,https://mathworksheetkidsgalaxy.github.io/html/printable-tracing-worksheet-for-kids-part-47-3314.html,https://mathworksheetkidsgalaxy.github.io/images/printable-tracing-worksheet-for-kids-part-47-3314.jpg,Math Practice Printables,03/26/2026 11:03:00 AM
Math Word Problem Worksheet,Help kids master Word Problem with this printable worksheet for Grade 3. Great for daily math practice.,https://mathworksheetkidsgalaxy.github.io/html/math-word-problem-worksheet-5879.html,https://mathworksheetkidsgalaxy.github.io/images/math-word-problem-worksheet-5879.jpg,Math Practice Printables,03/26/2026 01:36:00 PM
Printable Free 18 Addition Math Worksheet For Grade 3 - Part 49 | Printable Practice,Help kids master Addition with this printable worksheet for Grade 3. Great for daily math practice.,https://mathworksheetkidsgalaxy.github.io/html/printable-free-18-addition-math-worksheet-for-grade-3-part-49-7906.html,https://mathworksheetkidsgalaxy.github.io/images/printable-free-18-addition-math-worksheet-for-grade-3-part-49-7906.jpg,Math Practice Printables,03/26/2026 04:23:00 PM
"Count and Color Triangle, Ball, Triangle Worksheet for Kids",Teachers and parents love this Count and Color worksheet for Preschool. Download and print instantly.,https://mathworksheetkidsgalaxy.github.io/html/count-and-color-triangle-ball-triangle-worksheet-for-kids-5807.html,https://mathworksheetkidsgalaxy.github.io/images/count-and-color-triangle-ball-triangle-worksheet-for-kids-5807.jpg,Kids Math Worksheets,03/26/2026 08:29:00 PM
Kindergarten Count The Objects Worksheet - Part 51 | Printable Practice,Printable Counting Objects worksheet designed for Kindergarten students. Easy and fun math practice.,https://mathworksheetkidsgalaxy.github.io/html/kindergarten-count-the-objects-worksheet-part-51-2838.html,https://mathworksheetkidsgalaxy.github.io/images/kindergarten-count-the-objects-worksheet-part-51-2838.jpg,Printable Worksheets,03/27/2026 08:35:00 AM
Free 20 Division Math Worksheet For Grade 1 - Part 52 | Printable Practice,Printable Division worksheet designed for Grade 1 students. Easy and fun math practice.,https://mathworksheetkidsgalaxy.github.io/html/free-20-division-math-worksheet-for-grade-1-part-52-8125.html,https://mathworksheetkidsgalaxy.github.io/images/free-20-division-math-worksheet-for-grade-1-part-52-8125.jpg,Printable Worksheets,03/27/2026 11:06:00 AM
4 General Math Quiz Practice Worksheet,Help kids master Math with this printable worksheet for Math. Great for daily math practice.,https://mathworksheetkidsgalaxy.github.io/html/4-general-math-quiz-practice-worksheet-7939.html,https://mathworksheetkidsgalaxy.github.io/images/4-general-math-quiz-practice-worksheet-7939.jpg,Printable Worksheets,03/27/2026 01:27:00 PM
Missing Number Math Worksheet,Printable Missing Number worksheet designed for Grade 1 students. Easy and fun math practice.,https://mathworksheetkidsgalaxy.github.io/html/missing-number-math-worksheet-9268.html,https://mathworksheetkidsgalaxy.github.io/images/missing-number-math-worksheet-9268.jpg,Elementary Math Activities,03/27/2026 04:23:00 PM
Mixed Operations Math Worksheet,Teachers and parents love this Mixed Operations worksheet for Grade 3. Download and print instantly.,https://mathworksheetkidsgalaxy.github.io/html/mixed-operations-math-worksheet-6759.html,https://mathworksheetkidsgalaxy.github.io/images/mixed-operations-math-worksheet-6759.jpg,Homeschool Math,03/27/2026 08:30:00 PM
Printable Free 17 Multiplication Math Worksheet For Grade 1 - Part 56 | Printable Practice,Free printable Multiplication worksheet for Grade 1. Perfect for homeschool practice and classroom activities.,https://mathworksheetkidsgalaxy.github.io/html/printable-free-17-multiplication-math-worksheet-for-grade-1-part-56-7304.html,https://mathworksheetkidsgalaxy.github.io/images/printable-free-17-multiplication-math-worksheet-for-grade-1-part-56-7304.jpg,Printable Worksheets,03/28/2026 08:37:00 AM
Grade 5 Subtraction Practice Worksheet (17 Problems) - Part 57 | Printable Practice,Teachers and parents love this Subtraction worksheet for Grade 5. Download and print instantly.,https://mathworksheetkidsgalaxy.github.io/html/grade-5-subtraction-practice-worksheet-17-problems-part-57-6981.html,https://mathworksheetkidsgalaxy.github.io/images/grade-5-subtraction-practice-worksheet-17-problems-part-57-6981.jpg,Elementary Math Activities,03/28/2026 11:00:00 AM
Grade 3 Multiplication Table 9 Practice - Part 58 | Printable Practice,Free printable Times Table worksheet for Grade 3. Perfect for homeschool practice and classroom activities.,https://mathworksheetkidsgalaxy.github.io/html/grade-3-multiplication-table-9-practice-part-58-7937.html,https://mathworksheetkidsgalaxy.github.io/images/grade-3-multiplication-table-9-practice-part-58-7937.jpg,Elementary Math Activities,03/28/2026 01:29:00 PM
Printable Tracing Worksheet For Kids - Part 59 | Free Printable,Help kids master Tracing with this printable worksheet for Preschool. Great for daily math practice.,https://mathworksheetkidsgalaxy.github.io/html/printable-tracing-worksheet-for-kids-part-59-7398.html,https://mathworksheetkidsgalaxy.github.io/images/printable-tracing-worksheet-for-kids-part-59-7398.jpg,Printable Worksheets,03/28/2026 04:36:00 PM
Math Word Problem Worksheet,Free printable Word Problem worksheet for Grade 3. Perfect for homeschool practice and classroom activities.,https://mathworksheetkidsgalaxy.github.io/html/math-word-problem-worksheet-6895.html,https://mathworksheetkidsgalaxy.github.io/images/math-word-problem-worksheet-6895.jpg,Math Practice Printables,03/28/2026 08:31:00 PM
Printable Free 15 Addition Math Worksheet For Grade 5 - Part 61 | Printable Practice,Help kids master Addition with this printable worksheet for Grade 5. Great for daily math practice.,https://mathworksheetkidsgalaxy.github.io/html/printable-free-15-addition-math-worksheet-for-grade-5-part-61-3451.html,https://mathworksheetkidsgalaxy.github.io/images/printable-free-15-addition-math-worksheet-for-grade-5-part-61-3451.jpg,Elementary Math Activities,03/29/2026 08:24:00 AM
"Count and Color Star, Ball, Ball Worksheet for Kids",Free printable Count and Color worksheet for Grade 1. Perfect for homeschool practice and classroom activities.,https://mathworksheetkidsgalaxy.github.io/html/count-and-color-star-ball-ball-worksheet-for-kids-4391.html,https://mathworksheetkidsgalaxy.github.io/images/count-and-color-star-ball-ball-worksheet-for-kids-4391.jpg,Kids Math Worksheets,03/29/2026 11:00:00 AM
Learn Counting With Pictures Worksheet (Kindergarten) - Part 63 | Printable Practice,Free printable Counting Objects worksheet for Kindergarten. Perfect for homeschool practice and classroom activities.,https://mathworksheetkidsgalaxy.github.io/html/learn-counting-with-pictures-worksheet-kindergarten-part-63-6517.html,https://mathworksheetkidsgalaxy.github.io/images/learn-counting-with-pictures-worksheet-kindergarten-part-63-6517.jpg,Kids Math Worksheets,03/29/2026 01:33:00 PM
Free 12 Division Math Worksheet For Grade 2 - Part 64 | Printable Practice,Free printable Division worksheet for Grade 2. Perfect for homeschool practice and classroom activities.,https://mathworksheetkidsgalaxy.github.io/html/free-12-division-math-worksheet-for-grade-2-part-64-5786.html,https://mathworksheetkidsgalaxy.github.io/images/free-12-division-math-worksheet-for-grade-2-part-64-5786.jpg,Kids Math Worksheets,03/29/2026 04:24:00 PM
Ultimate General Math Quiz Worksheet (7 Questions),Fun and engaging Math worksheet for Math. Perfect printable math practice.,https://mathworksheetkidsgalaxy.github.io/html/ultimate-general-math-quiz-worksheet-7-questions-7493.html,https://mathworksheetkidsgalaxy.github.io/images/ultimate-general-math-quiz-worksheet-7-questions-7493.jpg,Homeschool Math,03/29/2026 08:38:00 PM
Missing Number Math Worksheet,Help kids master Missing Number with this printable worksheet for Grade 1. Great for daily math practice.,https://mathworksheetkidsgalaxy.github.io/html/missing-number-math-worksheet-2760.html,https://mathworksheetkidsgalaxy.github.io/images/missing-number-math-worksheet-2760.jpg,Kids Math Worksheets,03/30/2026 08:29:00 AM
Mixed Operations Math Worksheet,Teachers and parents love this Mixed Operations worksheet for Grade 3. Download and print instantly.,https://mathworksheetkidsgalaxy.github.io/html/mixed-operations-math-worksheet-7671.html,https://mathworksheetkidsgalaxy.github.io/images/mixed-operations-math-worksheet-7671.jpg,Homeschool Math,03/30/2026 11:08:00 AM
Printable Free 23 Multiplication Math Worksheet For Grade 2 - Part 68 | Printable Practice,Teachers and parents love this Multiplication worksheet for Grade 2. Download and print instantly.,https://mathworksheetkidsgalaxy.github.io/html/printable-free-23-multiplication-math-worksheet-for-grade-2-part-68-2497.html,https://mathworksheetkidsgalaxy.github.io/images/printable-free-23-multiplication-math-worksheet-for-grade-2-part-68-2497.jpg,Printable Worksheets,03/30/2026 01:38:00 PM
Free 20 Subtraction Math Worksheet For Grade 2 - Part 69 | Printable Practice,Teachers and parents love this Subtraction worksheet for Grade 2. Download and print instantly.,https://mathworksheetkidsgalaxy.github.io/html/free-20-subtraction-math-worksheet-for-grade-2-part-69-4314.html,https://mathworksheetkidsgalaxy.github.io/images/free-20-subtraction-math-worksheet-for-grade-2-part-69-4314.jpg,Homeschool Math,03/30/2026 04:24:00 PM
8 Times Table Worksheet For Grade 3 - Part 70 | Printable Practice,Free printable Times Table worksheet for Grade 3. Perfect for homeschool practice and classroom activities.,https://mathworksheetkidsgalaxy.github.io/html/8-times-table-worksheet-for-grade-3-part-70-4295.html,https://mathworksheetkidsgalaxy.github.io/images/8-times-table-worksheet-for-grade-3-part-70-4295.jpg,Math Practice Printables,03/30/2026 08:23:00 PM
Printable Tracing Worksheet For Kids - Part 71 | Free Printable,Printable Tracing worksheet designed for Kindergarten students. Easy and fun math practice.,https://mathworksheetkidsgalaxy.github.io/html/printable-tracing-worksheet-for-kids-part-71-6098.html,https://mathworksheetkidsgalaxy.github.io/images/printable-tracing-worksheet-for-kids-part-71-6098.jpg,Math Practice Printables,03/31/2026 08:30:00 AM
Math Word Problem Worksheet,Free printable Word Problem worksheet for Grade 3. Perfect for homeschool practice and classroom activities.,https://mathworksheetkidsgalaxy.github.io/html/math-word-problem-worksheet-3969.html,https://mathworksheetkidsgalaxy.github.io/images/math-word-problem-worksheet-3969.jpg,Printable Worksheets,03/31/2026 11:01:00 AM
Grade 3 Addition Practice Worksheet (12 Problems) - Part 73 | Printable Practice,Printable Addition worksheet designed for Grade 3 students. Easy and fun math practice.,https://mathworksheetkidsgalaxy.github.io/html/grade-3-addition-practice-worksheet-12-problems-part-73-3168.html,https://mathworksheetkidsgalaxy.github.io/images/grade-3-addition-practice-worksheet-12-problems-part-73-3168.jpg,Elementary Math Activities,03/31/2026 01:22:00 PM
Preschool Count and Color Shapes Worksheet,Free printable Count and Color worksheet for Preschool. Perfect for homeschool practice and classroom activities.,https://mathworksheetkidsgalaxy.github.io/html/preschool-count-and-color-shapes-worksheet-2734.html,https://mathworksheetkidsgalaxy.github.io/images/preschool-count-and-color-shapes-worksheet-2734.jpg,Math Practice Printables,03/31/2026 04:38:00 PM
Free Counting Objects Worksheet For Pre-K - Part 75 | Printable Practice,Teachers and parents love this Counting Objects worksheet for Pre-K. Download and print instantly.,https://mathworksheetkidsgalaxy.github.io/html/free-counting-objects-worksheet-for-pre-k-part-75-4678.html,https://mathworksheetkidsgalaxy.github.io/images/free-counting-objects-worksheet-for-pre-k-part-75-4678.jpg,Kids Math Worksheets,03/31/2026 08:32:00 PM
Free 27 Division Math Worksheet For Grade 2 With Answers - Part 76 | Printable Practice,Help kids master Division with this printable worksheet for Grade 2. Great for daily math practice.,https://mathworksheetkidsgalaxy.github.io/html/free-27-division-math-worksheet-for-grade-2-with-answers-part-76-7676.html,https://mathworksheetkidsgalaxy.github.io/images/free-27-division-math-worksheet-for-grade-2-with-answers-part-76-7676.jpg,Kids Math Worksheets,04/01/2026 08:35:00 AM
Challenging Math Quiz Printable Worksheet for Teens,Help kids master Math with this printable worksheet for Math. Great for daily math practice.,https://mathworksheetkidsgalaxy.github.io/html/challenging-math-quiz-printable-worksheet-for-teens-5814.html,https://mathworksheetkidsgalaxy.github.io/images/challenging-math-quiz-printable-worksheet-for-teens-5814.jpg,Math Practice Printables,04/01/2026 11:06:00 AM
Missing Number Math Worksheet,Printable Missing Number worksheet designed for Grade 1 students. Easy and fun math practice.,https://mathworksheetkidsgalaxy.github.io/html/missing-number-math-worksheet-4276.html,https://mathworksheetkidsgalaxy.github.io/images/missing-number-math-worksheet-4276.jpg,Kids Math Worksheets,04/01/2026 01:36:00 PM
Mixed Operations Math Worksheet,Printable Mixed Operations worksheet designed for Grade 3 students. Easy and fun math practice.,https://mathworksheetkidsgalaxy.github.io/html/mixed-operations-math-worksheet-5116.html,https://mathworksheetkidsgalaxy.github.io/images/mixed-operations-math-worksheet-5116.jpg,Homeschool Math,04/01/2026 04:25:00 PM
Free 15 Multiplication Math Worksheet For Grade 2 - Part 80 | Printable Practice,Fun and engaging Multiplication worksheet for Grade 2. Perfect printable math practice.,https://mathworksheetkidsgalaxy.github.io/html/free-15-multiplication-math-worksheet-for-grade-2-part-80-5984.html,https://mathworksheetkidsgalaxy.github.io/images/free-15-multiplication-math-worksheet-for-grade-2-part-80-5984.jpg,Math Practice Printables,04/01/2026 08:33:00 PM
Printable Free 27 Subtraction Math Worksheet For Grade 5 - Part 81 | Printable Practice,Help kids master Subtraction with this printable worksheet for Grade 5. Great for daily math practice.,https://mathworksheetkidsgalaxy.github.io/html/printable-free-27-subtraction-math-worksheet-for-grade-5-part-81-7154.html,https://mathworksheetkidsgalaxy.github.io/images/printable-free-27-subtraction-math-worksheet-for-grade-5-part-81-7154.jpg,Homeschool Math,04/02/2026 08:36:00 AM
4 Times Table Worksheet For Grade 2 - Part 82 | Printable Practice,Printable Times Table worksheet designed for Grade 2 students. Easy and fun math practice.,https://mathworksheetkidsgalaxy.github.io/html/4-times-table-worksheet-for-grade-2-part-82-8890.html,https://mathworksheetkidsgalaxy.github.io/images/4-times-table-worksheet-for-grade-2-part-82-8890.jpg,Math Practice Printables,04/02/2026 11:00:00 AM
Printable Tracing Worksheet For Kids - Part 83 | Free Printable,Printable Tracing worksheet designed for Preschool students. Easy and fun math practice.,https://mathworksheetkidsgalaxy.github.io/html/printable-tracing-worksheet-for-kids-part-83-6486.html,https://mathworksheetkidsgalaxy.github.io/images/printable-tracing-worksheet-for-kids-part-83-6486.jpg,Math Practice Printables,04/02/2026 01:22:00 PM
Math Word Problem Worksheet,Teachers and parents love this Word Problem worksheet for Grade 3. Download and print instantly.,https://mathworksheetkidsgalaxy.github.io/html/math-word-problem-worksheet-4933.html,https://mathworksheetkidsgalaxy.github.io/images/math-word-problem-worksheet-4933.jpg,Printable Worksheets,04/02/2026 04:31:00 PM
Free 19 Addition Math Worksheet For Grade 5 - Part 85 | Printable Practice,Help kids master Addition with this printable worksheet for Grade 5. Great for daily math practice.,https://mathworksheetkidsgalaxy.github.io/html/free-19-addition-math-worksheet-for-grade-5-part-85-1993.html,https://mathworksheetkidsgalaxy.github.io/images/free-19-addition-math-worksheet-for-grade-5-part-85-1993.jpg,Elementary Math Activities,04/02/2026 08:34:00 PM
5 Free Count and Color Worksheets for Kindergarten,Free printable Count and Color worksheet for Kindergarten. Perfect for homeschool practice and classroom activities.,https://mathworksheetkidsgalaxy.github.io/html/5-free-count-and-color-worksheets-for-kindergarten-1643.html,https://mathworksheetkidsgalaxy.github.io/images/5-free-count-and-color-worksheets-for-kindergarten-1643.jpg,Math Practice Printables,04/03/2026 08:30:00 AM
Free Counting Objects Worksheet For Kindergarten - Part 87 | Printable Practice,Free printable Counting Objects worksheet for Kindergarten. Perfect for homeschool practice and classroom activities.,https://mathworksheetkidsgalaxy.github.io/html/free-counting-objects-worksheet-for-kindergarten-part-87-4434.html,https://mathworksheetkidsgalaxy.github.io/images/free-counting-objects-worksheet-for-kindergarten-part-87-4434.jpg,Printable Worksheets,04/03/2026 11:03:00 AM
Printable Free 21 Division Math Worksheet For Grade 1 - Part 88 | Printable Practice,Help kids master Division with this printable worksheet for Grade 1. Great for daily math practice.,https://mathworksheetkidsgalaxy.github.io/html/printable-free-21-division-math-worksheet-for-grade-1-part-88-4603.html,https://mathworksheetkidsgalaxy.github.io/images/printable-free-21-division-math-worksheet-for-grade-1-part-88-4603.jpg,Homeschool Math,04/03/2026 01:25:00 PM
7 Math Questions Practice Worksheet,Help kids master Math with this printable worksheet for Math. Great for daily math practice.,https://mathworksheetkidsgalaxy.github.io/html/7-math-questions-practice-worksheet-7126.html,https://mathworksheetkidsgalaxy.github.io/images/7-math-questions-practice-worksheet-7126.jpg,Printable Worksheets,04/03/2026 04:31:00 PM
Missing Number Math Worksheet,Help kids master Missing Number with this printable worksheet for Grade 1. Great for daily math practice.,https://mathworksheetkidsgalaxy.github.io/html/missing-number-math-worksheet-7977.html,https://mathworksheetkidsgalaxy.github.io/images/missing-number-math-worksheet-7977.jpg,Math Practice Printables,04/03/2026 08:23:00 PM
Mixed Operations Math Worksheet,Help kids master Mixed Operations with this printable worksheet for Grade 3. Great for daily math practice.,https://mathworksheetkidsgalaxy.github.io/html/mixed-operations-math-worksheet-2798.html,https://mathworksheetkidsgalaxy.github.io/images/mixed-operations-math-worksheet-2798.jpg,Math Practice Printables,04/04/2026 08:38:00 AM
Grade 2 Multiplication Practice Worksheet (20 Problems) - Part 92 | Printable Practice,Teachers and parents love this Multiplication worksheet for Grade 2. Download and print instantly.,https://mathworksheetkidsgalaxy.github.io/html/grade-2-multiplication-practice-worksheet-20-problems-part-92-4502.html,https://mathworksheetkidsgalaxy.github.io/images/grade-2-multiplication-practice-worksheet-20-problems-part-92-4502.jpg,Homeschool Math,04/04/2026 11:00:00 AM
Free 23 Subtraction Math Worksheet For Grade 5 With Answers - Part 93 | Printable Practice,Teachers and parents love this Subtraction worksheet for Grade 5. Download and print instantly.,https://mathworksheetkidsgalaxy.github.io/html/free-23-subtraction-math-worksheet-for-grade-5-with-answers-part-93-3366.html,https://mathworksheetkidsgalaxy.github.io/images/free-23-subtraction-math-worksheet-for-grade-5-with-answers-part-93-3366.jpg,Kids Math Worksheets,04/04/2026 01:29:00 PM
Grade 2 Multiplication Table 5 Practice - Part 94 | Printable Practice,Fun and engaging Times Table worksheet for Grade 2. Perfect printable math practice.,https://mathworksheetkidsgalaxy.github.io/html/grade-2-multiplication-table-5-practice-part-94-8983.html,https://mathworksheetkidsgalaxy.github.io/images/grade-2-multiplication-table-5-practice-part-94-8983.jpg,Homeschool Math,04/04/2026 04:38:00 PM
Printable Tracing Worksheet For Kids - Part 95 | Free Printable,Fun and engaging Tracing worksheet for Kindergarten. Perfect printable math practice.,https://mathworksheetkidsgalaxy.github.io/html/printable-tracing-worksheet-for-kids-part-95-4314.html,https://mathworksheetkidsgalaxy.github.io/images/printable-tracing-worksheet-for-kids-part-95-4314.jpg,Kids Math Worksheets,04/04/2026 08:23:00 PM
Math Word Problem Worksheet,Teachers and parents love this Word Problem worksheet for Grade 3. Download and print instantly.,https://mathworksheetkidsgalaxy.github.io/html/math-word-problem-worksheet-8698.html,https://mathworksheetkidsgalaxy.github.io/images/math-word-problem-worksheet-8698.jpg,Homeschool Math,04/05/2026 08:24:00 AM
Free 20 Addition Math Worksheet For Grade 5 With Answers - Part 97 | Printable Practice,Teachers and parents love this Addition worksheet for Grade 5. Download and print instantly.,https://mathworksheetkidsgalaxy.github.io/html/free-20-addition-math-worksheet-for-grade-5-with-answers-part-97-3586.html,https://mathworksheetkidsgalaxy.github.io/images/free-20-addition-math-worksheet-for-grade-5-with-answers-part-97-3586.jpg,Printable Worksheets,04/05/2026 11:01:00 AM
Fun Count and Color Objects Worksheet for Kindergarten,Free printable Count and Color worksheet for Kindergarten. Perfect for homeschool practice and classroom activities.,https://mathworksheetkidsgalaxy.github.io/html/fun-count-and-color-objects-worksheet-for-kindergarten-7451.html,https://mathworksheetkidsgalaxy.github.io/images/fun-count-and-color-objects-worksheet-for-kindergarten-7451.jpg,Homeschool Math,04/05/2026 01:26:00 PM
Free Counting Objects Worksheet For Kindergarten Printable - Part 99 | Printable Practice,Fun and engaging Counting Objects worksheet for Kindergarten. Perfect printable math practice.,https://mathworksheetkidsgalaxy.github.io/html/free-counting-objects-worksheet-for-kindergarten-printable-part-99-4636.html,https://mathworksheetkidsgalaxy.github.io/images/free-counting-objects-worksheet-for-kindergarten-printable-part-99-4636.jpg,Printable Worksheets,04/05/2026 04:35:00 PM
Free 20 Division Math Worksheet For Grade 1 - Part 100 | Printable Practice,Fun and engaging Division worksheet for Grade 1. Perfect printable math practice.,https://mathworksheetkidsgalaxy.github.io/html/free-20-division-math-worksheet-for-grade-1-part-100-5519.html,https://mathworksheetkidsgalaxy.github.io/images/free-20-division-math-worksheet-for-grade-1-part-100-5519.jpg,Homeschool Math,04/05/2026 08:32:00 PM
4 Mathematics Problem Set Quiz Worksheet,Fun and engaging Math worksheet for Math. Perfect printable math practice.,https://mathworksheetkidsgalaxy.github.io/html/4-mathematics-problem-set-quiz-worksheet-5294.html,https://mathworksheetkidsgalaxy.github.io/images/4-mathematics-problem-set-quiz-worksheet-5294.jpg,Kids Math Worksheets,04/06/2026 08:30:00 AM
Missing Number Math Worksheet,Help kids master Missing Number with this printable worksheet for Grade 1. Great for daily math practice.,https://mathworksheetkidsgalaxy.github.io/html/missing-number-math-worksheet-3250.html,https://mathworksheetkidsgalaxy.github.io/images/missing-number-math-worksheet-3250.jpg,Elementary Math Activities,04/06/2026 11:03:00 AM
Mixed Operations Math Worksheet,Fun and engaging Mixed Operations worksheet for Grade 3. Perfect printable math practice.,https://mathworksheetkidsgalaxy.github.io/html/mixed-operations-math-worksheet-2694.html,https://mathworksheetkidsgalaxy.github.io/images/mixed-operations-math-worksheet-2694.jpg,Math Practice Printables,04/06/2026 01:32:00 PM
Free 10 Multiplication Math Worksheet For Grade 1 - Part 104 | Printable Practice,Fun and engaging Multiplication worksheet for Grade 1. Perfect printable math practice.,https://mathworksheetkidsgalaxy.github.io/html/free-10-multiplication-math-worksheet-for-grade-1-part-104-1934.html,https://mathworksheetkidsgalaxy.github.io/images/free-10-multiplication-math-worksheet-for-grade-1-part-104-1934.jpg,Elementary Math Activities,04/06/2026 04:35:00 PM
Grade 3 Subtraction Practice Worksheet (24 Problems) - Part 105 | Printable Practice,Teachers and parents love this Subtraction worksheet for Grade 3. Download and print instantly.,https://mathworksheetkidsgalaxy.github.io/html/grade-3-subtraction-practice-worksheet-24-problems-part-105-1577.html,https://mathworksheetkidsgalaxy.github.io/images/grade-3-subtraction-practice-worksheet-24-problems-part-105-1577.jpg,Homeschool Math,04/06/2026 08:31:00 PM
10 Times Table Worksheet For Grade 3 With Answers - Part 106 | Printable Practice,Printable Times Table worksheet designed for Grade 3 students. Easy and fun math practice.,https://mathworksheetkidsgalaxy.github.io/html/10-times-table-worksheet-for-grade-3-with-answers-part-106-4818.html,https://mathworksheetkidsgalaxy.github.io/images/10-times-table-worksheet-for-grade-3-with-answers-part-106-4818.jpg,Homeschool Math,04/07/2026 08:33:00 AM
Printable Tracing Worksheet For Kids - Part 107 | Free Printable,Help kids master Tracing with this printable worksheet for Preschool. Great for daily math practice.,https://mathworksheetkidsgalaxy.github.io/html/printable-tracing-worksheet-for-kids-part-107-4766.html,https://mathworksheetkidsgalaxy.github.io/images/printable-tracing-worksheet-for-kids-part-107-4766.jpg,Printable Worksheets,04/07/2026 11:00:00 AM
Math Word Problem Worksheet,Teachers and parents love this Word Problem worksheet for Grade 3. Download and print instantly.,https://mathworksheetkidsgalaxy.github.io/html/math-word-problem-worksheet-6034.html,https://mathworksheetkidsgalaxy.github.io/images/math-word-problem-worksheet-6034.jpg,Math Practice Printables,04/07/2026 01:27:00 PM
Grade 1 Addition Practice Worksheet (22 Problems) - Part 109 | Printable Practice,Free printable Addition worksheet for Grade 1. Perfect for homeschool practice and classroom activities.,https://mathworksheetkidsgalaxy.github.io/html/grade-1-addition-practice-worksheet-22-problems-part-109-7008.html,https://mathworksheetkidsgalaxy.github.io/images/grade-1-addition-practice-worksheet-22-problems-part-109-7008.jpg,Printable Worksheets,04/07/2026 04:22:00 PM
"Count and Color Square, Flower, Square Worksheet for Kids",Free printable Count and Color worksheet for Preschool. Perfect for homeschool practice and classroom activities.,https://mathworksheetkidsgalaxy.github.io/html/count-and-color-square-flower-square-worksheet-for-kids-9422.html,https://mathworksheetkidsgalaxy.github.io/images/count-and-color-square-flower-square-worksheet-for-kids-9422.jpg,Elementary Math Activities,04/07/2026 08:22:00 PM
Kindergarten Count The Objects Worksheet - Part 111 | Printable Practice,Help kids master Counting Objects with this printable worksheet for Kindergarten. Great for daily math practice.,https://mathworksheetkidsgalaxy.github.io/html/kindergarten-count-the-objects-worksheet-part-111-4211.html,https://mathworksheetkidsgalaxy.github.io/images/kindergarten-count-the-objects-worksheet-part-111-4211.jpg,Math Practice Printables,04/08/2026 08:37:00 AM
Printable Free 27 Division Math Worksheet For Grade 1 - Part 112 | Printable Practice,Teachers and parents love this Division worksheet for Grade 1. Download and print instantly.,https://mathworksheetkidsgalaxy.github.io/html/printable-free-27-division-math-worksheet-for-grade-1-part-112-3042.html,https://mathworksheetkidsgalaxy.github.io/images/printable-free-27-division-math-worksheet-for-grade-1-part-112-3042.jpg,Homeschool Math,04/08/2026 11:03:00 AM
Advanced Mathematics Practice for Students (8 Questions),Printable Math worksheet designed for Math students. Easy and fun math practice.,https://mathworksheetkidsgalaxy.github.io/html/advanced-mathematics-practice-for-students-8-questions-1593.html,https://mathworksheetkidsgalaxy.github.io/images/advanced-mathematics-practice-for-students-8-questions-1593.jpg,Math Practice Printables,04/08/2026 01:36:00 PM
Missing Number Math Worksheet,Free printable Missing Number worksheet for Grade 1. Perfect for homeschool practice and classroom activities.,https://mathworksheetkidsgalaxy.github.io/html/missing-number-math-worksheet-6488.html,https://mathworksheetkidsgalaxy.github.io/images/missing-number-math-worksheet-6488.jpg,Math Practice Printables,04/08/2026 04:34:00 PM
Mixed Operations Math Worksheet,Teachers and parents love this Mixed Operations worksheet for Grade 3. Download and print instantly.,https://mathworksheetkidsgalaxy.github.io/html/mixed-operations-math-worksheet-6733.html,https://mathworksheetkidsgalaxy.github.io/images/mixed-operations-math-worksheet-6733.jpg,Math Practice Printables,04/08/2026 08:26:00 PM
Printable Free 15 Multiplication Math Worksheet For Grade 2 - Part 116 | Printable Practice,Fun and engaging Multiplication worksheet for Grade 2. Perfect printable math practice.,https://mathworksheetkidsgalaxy.github.io/html/printable-free-15-multiplication-math-worksheet-for-grade-2-part-116-4441.html,https://mathworksheetkidsgalaxy.github.io/images/printable-free-15-multiplication-math-worksheet-for-grade-2-part-116-4441.jpg,Math Practice Printables,04/09/2026 08:35:00 AM
Free 23 Subtraction Math Worksheet For Grade 3 - Part 117 | Printable Practice,Help kids master Subtraction with this printable worksheet for Grade 3. Great for daily math practice.,https://mathworksheetkidsgalaxy.github.io/html/free-23-subtraction-math-worksheet-for-grade-3-part-117-8435.html,https://mathworksheetkidsgalaxy.github.io/images/free-23-subtraction-math-worksheet-for-grade-3-part-117-8435.jpg,Math Practice Printables,04/09/2026 11:08:00 AM
Printable 10 Times Table Worksheet For Grade 3 - Part 118 | Printable Practice,Free printable Times Table worksheet for Grade 3. Perfect for homeschool practice and classroom activities.,https://mathworksheetkidsgalaxy.github.io/html/printable-10-times-table-worksheet-for-grade-3-part-118-7856.html,https://mathworksheetkidsgalaxy.github.io/images/printable-10-times-table-worksheet-for-grade-3-part-118-7856.jpg,Homeschool Math,04/09/2026 01:36:00 PM
Printable Tracing Worksheet For Kids - Part 119 | Free Printable,Help kids master Tracing with this printable worksheet for Preschool. Great for daily math practice.,https://mathworksheetkidsgalaxy.github.io/html/printable-tracing-worksheet-for-kids-part-119-4798.html,https://mathworksheetkidsgalaxy.github.io/images/printable-tracing-worksheet-for-kids-part-119-4798.jpg,Printable Worksheets,04/09/2026 04:33:00 PM
Math Word Problem Worksheet,Teachers and parents love this Word Problem worksheet for Grade 3. Download and print instantly.,https://mathworksheetkidsgalaxy.github.io/html/math-word-problem-worksheet-6285.html,https://mathworksheetkidsgalaxy.github.io/images/math-word-problem-worksheet-6285.jpg,Elementary Math Activities,04/09/2026 08:34:00 PM
Grade 1 Addition Practice Worksheet (12 Problems) - Part 121 | Printable Practice,Fun and engaging Addition worksheet for Grade 1. Perfect printable math practice.,https://mathworksheetkidsgalaxy.github.io/html/grade-1-addition-practice-worksheet-12-problems-part-121-7838.html,https://mathworksheetkidsgalaxy.github.io/images/grade-1-addition-practice-worksheet-12-problems-part-121-7838.jpg,Math Practice Printables,04/10/2026 08:29:00 AM
Grade 1 Count and Color Shapes Worksheet,Help kids master Count and Color with this printable worksheet for Grade 1. Great for daily math practice.,https://mathworksheetkidsgalaxy.github.io/html/grade-1-count-and-color-shapes-worksheet-5293.html,https://mathworksheetkidsgalaxy.github.io/images/grade-1-count-and-color-shapes-worksheet-5293.jpg,Printable Worksheets,04/10/2026 11:04:00 AM
Kindergarten Count The Objects Worksheet - Part 123 | Printable Practice,Printable Counting Objects worksheet designed for Kindergarten students. Easy and fun math practice.,https://mathworksheetkidsgalaxy.github.io/html/kindergarten-count-the-objects-worksheet-part-123-4483.html,https://mathworksheetkidsgalaxy.github.io/images/kindergarten-count-the-objects-worksheet-part-123-4483.jpg,Math Practice Printables,04/10/2026 01:29:00 PM
Grade 1 Division Practice Worksheet (20 Problems) - Part 124 | Printable Practice,Help kids master Division with this printable worksheet for Grade 1. Great for daily math practice.,https://mathworksheetkidsgalaxy.github.io/html/grade-1-division-practice-worksheet-20-problems-part-124-8903.html,https://mathworksheetkidsgalaxy.github.io/images/grade-1-division-practice-worksheet-20-problems-part-124-8903.jpg,Kids Math Worksheets,04/10/2026 04:23:00 PM
4 General Math Quiz Worksheet,Printable Math worksheet designed for Math students. Easy and fun math practice.,https://mathworksheetkidsgalaxy.github.io/html/4-general-math-quiz-worksheet-1907.html,https://mathworksheetkidsgalaxy.github.io/images/4-general-math-quiz-worksheet-1907.jpg,Elementary Math Activities,04/10/2026 08:35:00 PM
Missing Number Math Worksheet,Free printable Missing Number worksheet for Grade 1. Perfect for homeschool practice and classroom activities.,https://mathworksheetkidsgalaxy.github.io/html/missing-number-math-worksheet-9051.html,https://mathworksheetkidsgalaxy.github.io/images/missing-number-math-worksheet-9051.jpg,Homeschool Math,04/11/2026 08:34:00 AM
Mixed Operations Math Worksheet,Help kids master Mixed Operations with this printable worksheet for Grade 3. Great for daily math practice.,https://mathworksheetkidsgalaxy.github.io/html/mixed-operations-math-worksheet-7412.html,https://mathworksheetkidsgalaxy.github.io/images/mixed-operations-math-worksheet-7412.jpg,Math Practice Printables,04/11/2026 11:00:00 AM
Free 23 Multiplication Math Worksheet For Grade 1 With Answers - Part 128 | Printable Practice,Help kids master Multiplication with this printable worksheet for Grade 1. Great for daily math practice.,https://mathworksheetkidsgalaxy.github.io/html/free-23-multiplication-math-worksheet-for-grade-1-with-answers-part-128-2025.html,https://mathworksheetkidsgalaxy.github.io/images/free-23-multiplication-math-worksheet-for-grade-1-with-answers-part-128-2025.jpg,Elementary Math Activities,04/11/2026 01:36:00 PM
Free 20 Subtraction Math Worksheet For Grade 3 With Answers - Part 129 | Printable Practice,Printable Subtraction worksheet designed for Grade 3 students. Easy and fun math practice.,https://mathworksheetkidsgalaxy.github.io/html/free-20-subtraction-math-worksheet-for-grade-3-with-answers-part-129-9699.html,https://mathworksheetkidsgalaxy.github.io/images/free-20-subtraction-math-worksheet-for-grade-3-with-answers-part-129-9699.jpg,Elementary Math Activities,04/11/2026 04:26:00 PM
Grade 3 Multiplication Table 9 Practice - Part 130 | Printable Practice,Free printable Times Table worksheet for Grade 3. Perfect for homeschool practice and classroom activities.,https://mathworksheetkidsgalaxy.github.io/html/grade-3-multiplication-table-9-practice-part-130-4752.html,https://mathworksheetkidsgalaxy.github.io/images/grade-3-multiplication-table-9-practice-part-130-4752.jpg,Printable Worksheets,04/11/2026 08:23:00 PM
Printable Tracing Worksheet For Kids - Part 131 | Free Printable,Free printable Tracing worksheet for Preschool. Perfect for homeschool practice and classroom activities.,https://mathworksheetkidsgalaxy.github.io/html/printable-tracing-worksheet-for-kids-part-131-1218.html,https://mathworksheetkidsgalaxy.github.io/images/printable-tracing-worksheet-for-kids-part-131-1218.jpg,Math Practice Printables,04/12/2026 08:25:00 AM
Math Word Problem Worksheet,Printable Word Problem worksheet designed for Grade 3 students. Easy and fun math practice.,https://mathworksheetkidsgalaxy.github.io/html/math-word-problem-worksheet-1876.html,https://mathworksheetkidsgalaxy.github.io/images/math-word-problem-worksheet-1876.jpg,Printable Worksheets,04/12/2026 11:03:00 AM
Printable Free 27 Addition Math Worksheet For Grade 3 - Part 133 | Printable Practice,Help kids master Addition with this printable worksheet for Grade 3. Great for daily math practice.,https://mathworksheetkidsgalaxy.github.io/html/printable-free-27-addition-math-worksheet-for-grade-3-part-133-1592.html,https://mathworksheetkidsgalaxy.github.io/images/printable-free-27-addition-math-worksheet-for-grade-3-part-133-1592.jpg,Kids Math Worksheets,04/12/2026 01:26:00 PM
Fun Count and Color Objects Worksheet for Kindergarten,Teachers and parents love this Count and Color worksheet for Kindergarten. Download and print instantly.,https://mathworksheetkidsgalaxy.github.io/html/fun-count-and-color-objects-worksheet-for-kindergarten-9630.html,https://mathworksheetkidsgalaxy.github.io/images/fun-count-and-color-objects-worksheet-for-kindergarten-9630.jpg,Homeschool Math,04/12/2026 04:24:00 PM
Learn Counting With Pictures Worksheet (Pre-K) - Part 135 | Printable Practice,Printable Counting Objects worksheet designed for Pre-K students. Easy and fun math practice.,https://mathworksheetkidsgalaxy.github.io/html/learn-counting-with-pictures-worksheet-pre-k-part-135-2156.html,https://mathworksheetkidsgalaxy.github.io/images/learn-counting-with-pictures-worksheet-pre-k-part-135-2156.jpg,Elementary Math Activities,04/12/2026 08:37:00 PM
Grade 2 Division Practice Worksheet (23 Problems) - Part 136 | Printable Practice,Fun and engaging Division worksheet for Grade 2. Perfect printable math practice.,https://mathworksheetkidsgalaxy.github.io/html/grade-2-division-practice-worksheet-23-problems-part-136-6658.html,https://mathworksheetkidsgalaxy.github.io/images/grade-2-division-practice-worksheet-23-problems-part-136-6658.jpg,Kids Math Worksheets,04/13/2026 08:23:00 AM
8 Mathematics Problem Set Practice Worksheet,Help kids master Math with this printable worksheet for Math. Great for daily math practice.,https://mathworksheetkidsgalaxy.github.io/html/8-mathematics-problem-set-practice-worksheet-3770.html,https://mathworksheetkidsgalaxy.github.io/images/8-mathematics-problem-set-practice-worksheet-3770.jpg,Elementary Math Activities,04/13/2026 11:04:00 AM
Missing Number Math Worksheet,Help kids master Missing Number with this printable worksheet for Grade 1. Great for daily math practice.,https://mathworksheetkidsgalaxy.github.io/html/missing-number-math-worksheet-8207.html,https://mathworksheetkidsgalaxy.github.io/images/missing-number-math-worksheet-8207.jpg,Printable Worksheets,04/13/2026 01:38:00 PM
Mixed Operations Math Worksheet,Printable Mixed Operations worksheet designed for Grade 3 students. Easy and fun math practice.,https://mathworksheetkidsgalaxy.github.io/html/mixed-operations-math-worksheet-7070.html,https://mathworksheetkidsgalaxy.github.io/images/mixed-operations-math-worksheet-7070.jpg,Homeschool Math,04/13/2026 04:36:00 PM
Printable Free 22 Multiplication Math Worksheet For Grade 2 - Part 140 | Printable Practice,Teachers and parents love this Multiplication worksheet for Grade 2. Download and print instantly.,https://mathworksheetkidsgalaxy.github.io/html/printable-free-22-multiplication-math-worksheet-for-grade-2-part-140-9117.html,https://mathworksheetkidsgalaxy.github.io/images/printable-free-22-multiplication-math-worksheet-for-grade-2-part-140-9117.jpg,Homeschool Math,04/13/2026 08:25:00 PM
Free 25 Subtraction Math Worksheet For Grade 2 - Part 141 | Printable Practice,Fun and engaging Subtraction worksheet for Grade 2. Perfect printable math practice.,https://mathworksheetkidsgalaxy.github.io/html/free-25-subtraction-math-worksheet-for-grade-2-part-141-1115.html,https://mathworksheetkidsgalaxy.github.io/images/free-25-subtraction-math-worksheet-for-grade-2-part-141-1115.jpg,Kids Math Worksheets,04/14/2026 08:25:00 AM
9 Times Table Worksheet For Grade 3 - Part 142 | Printable Practice,Teachers and parents love this Times Table worksheet for Grade 3. Download and print instantly.,https://mathworksheetkidsgalaxy.github.io/html/9-times-table-worksheet-for-grade-3-part-142-6278.html,https://mathworksheetkidsgalaxy.github.io/images/9-times-table-worksheet-for-grade-3-part-142-6278.jpg,Math Practice Printables,04/14/2026 11:00:00 AM
Printable Tracing Worksheet For Kids - Part 143 | Free Printable,Teachers and parents love this Tracing worksheet for Preschool. Download and print instantly.,https://mathworksheetkidsgalaxy.github.io/html/printable-tracing-worksheet-for-kids-part-143-6844.html,https://mathworksheetkidsgalaxy.github.io/images/printable-tracing-worksheet-for-kids-part-143-6844.jpg,Homeschool Math,04/14/2026 01:33:00 PM
Math Word Problem Worksheet,Free printable Word Problem worksheet for Grade 3. Perfect for homeschool practice and classroom activities.,https://mathworksheetkidsgalaxy.github.io/html/math-word-problem-worksheet-4716.html,https://mathworksheetkidsgalaxy.github.io/images/math-word-problem-worksheet-4716.jpg,Kids Math Worksheets,04/14/2026 04:31:00 PM
Printable Free 22 Addition Math Worksheet For Grade 5 - Part 145 | Printable Practice,Fun and engaging Addition worksheet for Grade 5. Perfect printable math practice.,https://mathworksheetkidsgalaxy.github.io/html/printable-free-22-addition-math-worksheet-for-grade-5-part-145-8275.html,https://mathworksheetkidsgalaxy.github.io/images/printable-free-22-addition-math-worksheet-for-grade-5-part-145-8275.jpg,Printable Worksheets,04/14/2026 08:31:00 PM
"Count and Color Ball, Flower, Star Worksheet for Kids",Printable Count and Color worksheet designed for Kindergarten students. Easy and fun math practice.,https://mathworksheetkidsgalaxy.github.io/html/count-and-color-ball-flower-star-worksheet-for-kids-2839.html,https://mathworksheetkidsgalaxy.github.io/images/count-and-color-ball-flower-star-worksheet-for-kids-2839.jpg,Printable Worksheets,04/15/2026 08:22:00 AM
Learn Counting With Pictures Worksheet (Kindergarten) - Part 147 | Printable Practice,Fun and engaging Counting Objects worksheet for Kindergarten. Perfect printable math practice.,https://mathworksheetkidsgalaxy.github.io/html/learn-counting-with-pictures-worksheet-kindergarten-part-147-9565.html,https://mathworksheetkidsgalaxy.github.io/images/learn-counting-with-pictures-worksheet-kindergarten-part-147-9565.jpg,Kids Math Worksheets,04/15/2026 11:04:00 AM
Free 27 Division Math Worksheet For Grade 2 - Part 148 | Printable Practice,Fun and engaging Division worksheet for Grade 2. Perfect printable math practice.,https://mathworksheetkidsgalaxy.github.io/html/free-27-division-math-worksheet-for-grade-2-part-148-3554.html,https://mathworksheetkidsgalaxy.github.io/images/free-27-division-math-worksheet-for-grade-2-part-148-3554.jpg,Homeschool Math,04/15/2026 01:37:00 PM
Free Printable Mathematics Quiz Worksheet (4 Questions),Fun and engaging Math worksheet for Math. Perfect printable math practice.,https://mathworksheetkidsgalaxy.github.io/html/free-printable-mathematics-quiz-worksheet-4-questions-2527.html,https://mathworksheetkidsgalaxy.github.io/images/free-printable-mathematics-quiz-worksheet-4-questions-2527.jpg,Kids Math Worksheets,04/15/2026 04:26:00 PM
Missing Number Math Worksheet,Teachers and parents love this Missing Number worksheet for Grade 1. Download and print instantly.,https://mathworksheetkidsgalaxy.github.io/html/missing-number-math-worksheet-7033.html,https://mathworksheetkidsgalaxy.github.io/images/missing-number-math-worksheet-7033.jpg,Printable Worksheets,04/15/2026 08:22:00 PM
Mixed Operations Math Worksheet,Free printable Mixed Operations worksheet for Grade 3. Perfect for homeschool practice and classroom activities.,https://mathworksheetkidsgalaxy.github.io/html/mixed-operations-math-worksheet-9223.html,https://mathworksheetkidsgalaxy.github.io/images/mixed-operations-math-worksheet-9223.jpg,Kids Math Worksheets,04/16/2026 08:25:00 AM
Printable Free 30 Multiplication Math Worksheet For Grade 2 - Part 152 | Printable Practice,Fun and engaging Multiplication worksheet for Grade 2. Perfect printable math practice.,https://mathworksheetkidsgalaxy.github.io/html/printable-free-30-multiplication-math-worksheet-for-grade-2-part-152-5061.html,https://mathworksheetkidsgalaxy.github.io/images/printable-free-30-multiplication-math-worksheet-for-grade-2-part-152-5061.jpg,Kids Math Worksheets,04/16/2026 11:00:00 AM
Free 25 Subtraction Math Worksheet For Grade 5 With Answers - Part 153 | Printable Practice,Free printable Subtraction worksheet for Grade 5. Perfect for homeschool practice and classroom activities.,https://mathworksheetkidsgalaxy.github.io/html/free-25-subtraction-math-worksheet-for-grade-5-with-answers-part-153-3368.html,https://mathworksheetkidsgalaxy.github.io/images/free-25-subtraction-math-worksheet-for-grade-5-with-answers-part-153-3368.jpg,Kids Math Worksheets,04/16/2026 01:38:00 PM
Grade 3 Multiplication Table 6 Practice - Part 154 | Printable Practice,Fun and engaging Times Table worksheet for Grade 3. Perfect printable math practice.,https://mathworksheetkidsgalaxy.github.io/html/grade-3-multiplication-table-6-practice-part-154-3674.html,https://mathworksheetkidsgalaxy.github.io/images/grade-3-multiplication-table-6-practice-part-154-3674.jpg,Math Practice Printables,04/16/2026 04:38:00 PM
Printable Tracing Worksheet For Kids - Part 155 | Free Printable,Fun and engaging Tracing worksheet for Preschool. Perfect printable math practice.,https://mathworksheetkidsgalaxy.github.io/html/printable-tracing-worksheet-for-kids-part-155-9949.html,https://mathworksheetkidsgalaxy.github.io/images/printable-tracing-worksheet-for-kids-part-155-9949.jpg,Homeschool Math,04/16/2026 08:37:00 PM
Math Word Problem Worksheet,Fun and engaging Word Problem worksheet for Grade 3. Perfect printable math practice.,https://mathworksheetkidsgalaxy.github.io/html/math-word-problem-worksheet-4865.html,https://mathworksheetkidsgalaxy.github.io/images/math-word-problem-worksheet-4865.jpg,Homeschool Math,04/17/2026 08:37:00 AM
Free 12 Addition Math Worksheet For Grade 3 - Part 157 | Printable Practice,Fun and engaging Addition worksheet for Grade 3. Perfect printable math practice.,https://mathworksheetkidsgalaxy.github.io/html/free-12-addition-math-worksheet-for-grade-3-part-157-9183.html,https://mathworksheetkidsgalaxy.github.io/images/free-12-addition-math-worksheet-for-grade-3-part-157-9183.jpg,Elementary Math Activities,04/17/2026 11:00:00 AM
Free Preschool Count and Color Worksheet,Free printable Count and Color worksheet for Preschool. Perfect for homeschool practice and classroom activities.,https://mathworksheetkidsgalaxy.github.io/html/free-preschool-count-and-color-worksheet-3079.html,https://mathworksheetkidsgalaxy.github.io/images/free-preschool-count-and-color-worksheet-3079.jpg,Homeschool Math,04/17/2026 01:22:00 PM
Learn Counting With Pictures Worksheet (Kindergarten) - Part 159 | Printable Practice,Printable Counting Objects worksheet designed for Kindergarten students. Easy and fun math practice.,https://mathworksheetkidsgalaxy.github.io/html/learn-counting-with-pictures-worksheet-kindergarten-part-159-5348.html,https://mathworksheetkidsgalaxy.github.io/images/learn-counting-with-pictures-worksheet-kindergarten-part-159-5348.jpg,Homeschool Math,04/17/2026 04:34:00 PM
Free 18 Division Math Worksheet For Grade 2 - Part 160 | Printable Practice,Fun and engaging Division worksheet for Grade 2. Perfect printable math practice.,https://mathworksheetkidsgalaxy.github.io/html/free-18-division-math-worksheet-for-grade-2-part-160-2737.html,https://mathworksheetkidsgalaxy.github.io/images/free-18-division-math-worksheet-for-grade-2-part-160-2737.jpg,Kids Math Worksheets,04/17/2026 08:36:00 PM
Interactive Math Knowledge Test Printable Worksheet,Printable Math worksheet designed for Math students. Easy and fun math practice.,https://mathworksheetkidsgalaxy.github.io/html/interactive-math-knowledge-test-printable-worksheet-5979.html,https://mathworksheetkidsgalaxy.github.io/images/interactive-math-knowledge-test-printable-worksheet-5979.jpg,Printable Worksheets,04/18/2026 08:33:00 AM
Missing Number Math Worksheet,Fun and engaging Missing Number worksheet for Grade 1. Perfect printable math practice.,https://mathworksheetkidsgalaxy.github.io/html/missing-number-math-worksheet-6098.html,https://mathworksheetkidsgalaxy.github.io/images/missing-number-math-worksheet-6098.jpg,Printable Worksheets,04/18/2026 11:03:00 AM
Mixed Operations Math Worksheet,Help kids master Mixed Operations with this printable worksheet for Grade 3. Great for daily math practice.,https://mathworksheetkidsgalaxy.github.io/html/mixed-operations-math-worksheet-7709.html,https://mathworksheetkidsgalaxy.github.io/images/mixed-operations-math-worksheet-7709.jpg,Math Practice Printables,04/18/2026 01:32:00 PM
Printable Free 11 Multiplication Math Worksheet For Grade 1 - Part 164 | Printable Practice,Free printable Multiplication worksheet for Grade 1. Perfect for homeschool practice and classroom activities.,https://mathworksheetkidsgalaxy.github.io/html/printable-free-11-multiplication-math-worksheet-for-grade-1-part-164-9684.html,https://mathworksheetkidsgalaxy.github.io/images/printable-free-11-multiplication-math-worksheet-for-grade-1-part-164-9684.jpg,Kids Math Worksheets,04/18/2026 04:22:00 PM
Free 16 Subtraction Math Worksheet For Grade 5 - Part 165 | Printable Practice,Free printable Subtraction worksheet for Grade 5. Perfect for homeschool practice and classroom activities.,https://mathworksheetkidsgalaxy.github.io/html/free-16-subtraction-math-worksheet-for-grade-5-part-165-6562.html,https://mathworksheetkidsgalaxy.github.io/images/free-16-subtraction-math-worksheet-for-grade-5-part-165-6562.jpg,Homeschool Math,04/18/2026 08:31:00 PM
12 Times Table Worksheet For Grade 4 - Part 166 | Printable Practice,Free printable Times Table worksheet for Grade 4. Perfect for homeschool practice and classroom activities.,https://mathworksheetkidsgalaxy.github.io/html/12-times-table-worksheet-for-grade-4-part-166-8465.html,https://mathworksheetkidsgalaxy.github.io/images/12-times-table-worksheet-for-grade-4-part-166-8465.jpg,Printable Worksheets,04/19/2026 08:37:00 AM
Printable Tracing Worksheet For Kids - Part 167 | Free Printable,Free printable Tracing worksheet for Preschool. Perfect for homeschool practice and classroom activities.,https://mathworksheetkidsgalaxy.github.io/html/printable-tracing-worksheet-for-kids-part-167-3143.html,https://mathworksheetkidsgalaxy.github.io/images/printable-tracing-worksheet-for-kids-part-167-3143.jpg,Homeschool Math,04/19/2026 11:00:00 AM
Math Word Problem Worksheet,Free printable Word Problem worksheet for Grade 3. Perfect for homeschool practice and classroom activities.,https://mathworksheetkidsgalaxy.github.io/html/math-word-problem-worksheet-8883.html,https://mathworksheetkidsgalaxy.github.io/images/math-word-problem-worksheet-8883.jpg,Math Practice Printables,04/19/2026 01:38:00 PM
Grade 1 Addition Practice Worksheet (12 Problems) - Part 169 | Printable Practice,Help kids master Addition with this printable worksheet for Grade 1. Great for daily math practice.,https://mathworksheetkidsgalaxy.github.io/html/grade-1-addition-practice-worksheet-12-problems-part-169-9714.html,https://mathworksheetkidsgalaxy.github.io/images/grade-1-addition-practice-worksheet-12-problems-part-169-9714.jpg,Math Practice Printables,04/19/2026 04:34:00 PM
Printable Count and Color Worksheet for Kindergarten Kids,Printable Count and Color worksheet designed for Kindergarten students. Easy and fun math practice.,https://mathworksheetkidsgalaxy.github.io/html/printable-count-and-color-worksheet-for-kindergarten-kids-6522.html,https://mathworksheetkidsgalaxy.github.io/images/printable-count-and-color-worksheet-for-kindergarten-kids-6522.jpg,Kids Math Worksheets,04/19/2026 08:37:00 PM
Kindergarten Count The Objects Worksheet - Part 171 | Printable Practice,Fun and engaging Counting Objects worksheet for Kindergarten. Perfect printable math practice.,https://mathworksheetkidsgalaxy.github.io/html/kindergarten-count-the-objects-worksheet-part-171-5597.html,https://mathworksheetkidsgalaxy.github.io/images/kindergarten-count-the-objects-worksheet-part-171-5597.jpg,Math Practice Printables,04/20/2026 08:33:00 AM
Free 19 Division Math Worksheet For Grade 2 With Answers - Part 172 | Printable Practice,Teachers and parents love this Division worksheet for Grade 2. Download and print instantly.,https://mathworksheetkidsgalaxy.github.io/html/free-19-division-math-worksheet-for-grade-2-with-answers-part-172-4123.html,https://mathworksheetkidsgalaxy.github.io/images/free-19-division-math-worksheet-for-grade-2-with-answers-part-172-4123.jpg,Elementary Math Activities,04/20/2026 11:00:00 AM
Complete Math Skill Test Worksheet,Teachers and parents love this Math worksheet for Math. Download and print instantly.,https://mathworksheetkidsgalaxy.github.io/html/complete-math-skill-test-worksheet-6942.html,https://mathworksheetkidsgalaxy.github.io/images/complete-math-skill-test-worksheet-6942.jpg,Elementary Math Activities,04/20/2026 01:26:00 PM
Missing Number Math Worksheet,Printable Missing Number worksheet designed for Grade 1 students. Easy and fun math practice.,https://mathworksheetkidsgalaxy.github.io/html/missing-number-math-worksheet-1818.html,https://mathworksheetkidsgalaxy.github.io/images/missing-number-math-worksheet-1818.jpg,Math Practice Printables,04/20/2026 04:24:00 PM
Mixed Operations Math Worksheet,Teachers and parents love this Mixed Operations worksheet for Grade 3. Download and print instantly.,https://mathworksheetkidsgalaxy.github.io/html/mixed-operations-math-worksheet-3279.html,https://mathworksheetkidsgalaxy.github.io/images/mixed-operations-math-worksheet-3279.jpg,Math Practice Printables,04/20/2026 08:33:00 PM
Free 22 Multiplication Math Worksheet For Grade 1 With Answers - Part 176 | Printable Practice,Help kids master Multiplication with this printable worksheet for Grade 1. Great for daily math practice.,https://mathworksheetkidsgalaxy.github.io/html/free-22-multiplication-math-worksheet-for-grade-1-with-answers-part-176-3836.html,https://mathworksheetkidsgalaxy.github.io/images/free-22-multiplication-math-worksheet-for-grade-1-with-answers-part-176-3836.jpg,Printable Worksheets,04/21/2026 08:38:00 AM
Free 13 Subtraction Math Worksheet For Grade 3 With Answers - Part 177 | Printable Practice,Fun and engaging Subtraction worksheet for Grade 3. Perfect printable math practice.,https://mathworksheetkidsgalaxy.github.io/html/free-13-subtraction-math-worksheet-for-grade-3-with-answers-part-177-3329.html,https://mathworksheetkidsgalaxy.github.io/images/free-13-subtraction-math-worksheet-for-grade-3-with-answers-part-177-3329.jpg,Kids Math Worksheets,04/21/2026 11:01:00 AM
Grade 2 Multiplication Table 4 Practice - Part 178 | Printable Practice,Teachers and parents love this Times Table worksheet for Grade 2. Download and print instantly.,https://mathworksheetkidsgalaxy.github.io/html/grade-2-multiplication-table-4-practice-part-178-3231.html,https://mathworksheetkidsgalaxy.github.io/images/grade-2-multiplication-table-4-practice-part-178-3231.jpg,Printable Worksheets,04/21/2026 01:35:00 PM
Printable Tracing Worksheet For Kids - Part 179 | Free Printable,Fun and engaging Tracing worksheet for Kindergarten. Perfect printable math practice.,https://mathworksheetkidsgalaxy.github.io/html/printable-tracing-worksheet-for-kids-part-179-7783.html,https://mathworksheetkidsgalaxy.github.io/images/printable-tracing-worksheet-for-kids-part-179-7783.jpg,Math Practice Printables,04/21/2026 04:24:00 PM
Math Word Problem Worksheet,Free printable Word Problem worksheet for Grade 3. Perfect for homeschool practice and classroom activities.,https://mathworksheetkidsgalaxy.github.io/html/math-word-problem-worksheet-4787.html,https://mathworksheetkidsgalaxy.github.io/images/math-word-problem-worksheet-4787.jpg,Printable Worksheets,04/21/2026 08:38:00 PM
Grade 3 Addition Practice Worksheet (17 Problems) - Part 181 | Printable Practice,Fun and engaging Addition worksheet for Grade 3. Perfect printable math practice.,https://mathworksheetkidsgalaxy.github.io/html/grade-3-addition-practice-worksheet-17-problems-part-181-9495.html,https://mathworksheetkidsgalaxy.github.io/images/grade-3-addition-practice-worksheet-17-problems-part-181-9495.jpg,Kids Math Worksheets,04/22/2026 08:37:00 AM
4 Free Count and Color Worksheets for Preschool,Free printable Count and Color worksheet for Preschool. Perfect for homeschool practice and classroom activities.,https://mathworksheetkidsgalaxy.github.io/html/4-free-count-and-color-worksheets-for-preschool-9887.html,https://mathworksheetkidsgalaxy.github.io/images/4-free-count-and-color-worksheets-for-preschool-9887.jpg,Math Practice Printables,04/22/2026 11:00:00 AM
Pre-K Count The Objects Worksheet - Part 183 | Printable Practice,Fun and engaging Counting Objects worksheet for Pre-K. Perfect printable math practice.,https://mathworksheetkidsgalaxy.github.io/html/pre-k-count-the-objects-worksheet-part-183-7850.html,https://mathworksheetkidsgalaxy.github.io/images/pre-k-count-the-objects-worksheet-part-183-7850.jpg,Math Practice Printables,04/22/2026 01:37:00 PM
Free 23 Division Math Worksheet For Grade 2 With Answers - Part 184 | Printable Practice,Printable Division worksheet designed for Grade 2 students. Easy and fun math practice.,https://mathworksheetkidsgalaxy.github.io/html/free-23-division-math-worksheet-for-grade-2-with-answers-part-184-3816.html,https://mathworksheetkidsgalaxy.github.io/images/free-23-division-math-worksheet-for-grade-2-with-answers-part-184-3816.jpg,Printable Worksheets,04/22/2026 04:29:00 PM
Printable Mathematics Practice Printable Worksheet,Fun and engaging Math worksheet for Math. Perfect printable math practice.,https://mathworksheetkidsgalaxy.github.io/html/printable-mathematics-practice-printable-worksheet-3785.html,https://mathworksheetkidsgalaxy.github.io/images/printable-mathematics-practice-printable-worksheet-3785.jpg,Kids Math Worksheets,04/22/2026 08:26:00 PM
Missing Number Math Worksheet,Fun and engaging Missing Number worksheet for Grade 1. Perfect printable math practice.,https://mathworksheetkidsgalaxy.github.io/html/missing-number-math-worksheet-8774.html,https://mathworksheetkidsgalaxy.github.io/images/missing-number-math-worksheet-8774.jpg,Kids Math Worksheets,04/23/2026 08:22:00 AM
Mixed Operations Math Worksheet,Printable Mixed Operations worksheet designed for Grade 3 students. Easy and fun math practice.,https://mathworksheetkidsgalaxy.github.io/html/mixed-operations-math-worksheet-6886.html,https://mathworksheetkidsgalaxy.github.io/images/mixed-operations-math-worksheet-6886.jpg,Kids Math Worksheets,04/23/2026 11:06:00 AM
Printable Free 21 Multiplication Math Worksheet For Grade 1 - Part 188 | Printable Practice,Printable Multiplication worksheet designed for Grade 1 students. Easy and fun math practice.,https://mathworksheetkidsgalaxy.github.io/html/printable-free-21-multiplication-math-worksheet-for-grade-1-part-188-5048.html,https://mathworksheetkidsgalaxy.github.io/images/printable-free-21-multiplication-math-worksheet-for-grade-1-part-188-5048.jpg,Kids Math Worksheets,04/23/2026 01:36:00 PM
Free 24 Subtraction Math Worksheet For Grade 5 - Part 189 | Printable Practice,Help kids master Subtraction with this printable worksheet for Grade 5. Great for daily math practice.,https://mathworksheetkidsgalaxy.github.io/html/free-24-subtraction-math-worksheet-for-grade-5-part-189-7804.html,https://mathworksheetkidsgalaxy.github.io/images/free-24-subtraction-math-worksheet-for-grade-5-part-189-7804.jpg,Homeschool Math,04/23/2026 04:24:00 PM
Printable 8 Times Table Worksheet For Grade 3 - Part 190 | Printable Practice,Help kids master Times Table with this printable worksheet for Grade 3. Great for daily math practice.,https://mathworksheetkidsgalaxy.github.io/html/printable-8-times-table-worksheet-for-grade-3-part-190-2857.html,https://mathworksheetkidsgalaxy.github.io/images/printable-8-times-table-worksheet-for-grade-3-part-190-2857.jpg,Math Practice Printables,04/23/2026 08:27:00 PM
Printable Tracing Worksheet For Kids - Part 191 | Free Printable,Printable Tracing worksheet designed for Preschool students. Easy and fun math practice.,https://mathworksheetkidsgalaxy.github.io/html/printable-tracing-worksheet-for-kids-part-191-1348.html,https://mathworksheetkidsgalaxy.github.io/images/printable-tracing-worksheet-for-kids-part-191-1348.jpg,Homeschool Math,04/24/2026 08:23:00 AM
Math Word Problem Worksheet,Printable Word Problem worksheet designed for Grade 3 students. Easy and fun math practice.,https://mathworksheetkidsgalaxy.github.io/html/math-word-problem-worksheet-3689.html,https://mathworksheetkidsgalaxy.github.io/images/math-word-problem-worksheet-3689.jpg,Printable Worksheets,04/24/2026 11:00:00 AM
Grade 1 Addition Practice Worksheet (16 Problems) - Part 193 | Printable Practice,Help kids master Addition with this printable worksheet for Grade 1. Great for daily math practice.,https://mathworksheetkidsgalaxy.github.io/html/grade-1-addition-practice-worksheet-16-problems-part-193-8871.html,https://mathworksheetkidsgalaxy.github.io/images/grade-1-addition-practice-worksheet-16-problems-part-193-8871.jpg,Math Practice Printables,04/24/2026 01:25:00 PM
Printable Count and Color Worksheet for Preschool Kids,Free printable Count and Color worksheet for Preschool. Perfect for homeschool practice and classroom activities.,https://mathworksheetkidsgalaxy.github.io/html/printable-count-and-color-worksheet-for-preschool-kids-4409.html,https://mathworksheetkidsgalaxy.github.io/images/printable-count-and-color-worksheet-for-preschool-kids-4409.jpg,Elementary Math Activities,04/24/2026 04:36:00 PM
Kindergarten Count The Objects Worksheet - Part 195 | Printable Practice,Free printable Counting Objects worksheet for Kindergarten. Perfect for homeschool practice and classroom activities.,https://mathworksheetkidsgalaxy.github.io/html/kindergarten-count-the-objects-worksheet-part-195-9458.html,https://mathworksheetkidsgalaxy.github.io/images/kindergarten-count-the-objects-worksheet-part-195-9458.jpg,Printable Worksheets,04/24/2026 08:36:00 PM
Free 22 Division Math Worksheet For Grade 2 - Part 196 | Printable Practice,Teachers and parents love this Division worksheet for Grade 2. Download and print instantly.,https://mathworksheetkidsgalaxy.github.io/html/free-22-division-math-worksheet-for-grade-2-part-196-8660.html,https://mathworksheetkidsgalaxy.github.io/images/free-22-division-math-worksheet-for-grade-2-part-196-8660.jpg,Homeschool Math,04/25/2026 08:23:00 AM
Printable Math Knowledge Test for Students (4 Questions),Fun and engaging Math worksheet for Math. Perfect printable math practice.,https://mathworksheetkidsgalaxy.github.io/html/printable-math-knowledge-test-for-students-4-questions-1333.html,https://mathworksheetkidsgalaxy.github.io/images/printable-math-knowledge-test-for-students-4-questions-1333.jpg,Math Practice Printables,04/25/2026 11:06:00 AM
Missing Number Math Worksheet,Teachers and parents love this Missing Number worksheet for Grade 1. Download and print instantly.,https://mathworksheetkidsgalaxy.github.io/html/missing-number-math-worksheet-1230.html,https://mathworksheetkidsgalaxy.github.io/images/missing-number-math-worksheet-1230.jpg,Homeschool Math,04/25/2026 01:38:00 PM
Mixed Operations Math Worksheet,Teachers and parents love this Mixed Operations worksheet for Grade 3. Download and print instantly.,https://mathworksheetkidsgalaxy.github.io/html/mixed-operations-math-worksheet-9601.html,https://mathworksheetkidsgalaxy.github.io/images/mixed-operations-math-worksheet-9601.jpg,Homeschool Math,04/25/2026 04:26:00 PM
Free 13 Multiplication Math Worksheet For Grade 1 With Answers - Part 200 | Printable Practice,Fun and engaging Multiplication worksheet for Grade 1. Perfect printable math practice.,https://mathworksheetkidsgalaxy.github.io/html/free-13-multiplication-math-worksheet-for-grade-1-with-answers-part-200-6261.html,https://mathworksheetkidsgalaxy.github.io/images/free-13-multiplication-math-worksheet-for-grade-1-with-answers-part-200-6261.jpg,Homeschool Math,04/25/2026 08:22:00 PM
